{

    "DirectFocus-1024-OSAtlas-7B": {
        "link": "",
        "description": "",
        "results": {
            "group": {
                "Dev": {
                    "icon": 0.15172413793103448,
                    "text": 0.5844155844155844,
                    "avg": 0.3745819397993311
                },
                "Creative": {
                    "icon": 0.1048951048951049,
                    "text": 0.5808080808080808,
                    "avg": 0.3812316715542522
                },
                "CAD": {
                    "icon": 0.06451612903225806,
                    "text": 0.4120603015075377,
                    "avg": 0.32950191570881227
                },
                "Science": {
                    "icon": 0.19090909090909092,
                    "text": 0.5208333333333334,
                    "avg": 0.3779527559055118
                },
                "Office": {
                    "icon": 0.2641509433962264,
                    "text": 0.6892655367231638,
                    "avg": 0.591304347826087
                },
                "OS": {
                    "icon": 0.16853932584269662,
                    "text": 0.5514018691588785,
                    "avg": 0.37755102040816324
                }
            },
            "application": {
                "vivado": {
                    "icon": 0.09375,
                    "text": 0.5416666666666666,
                    "avg": 0.3625
                },
                "powerpoint": {
                    "icon": 0.32,
                    "text": 0.7192982456140351,
                    "avg": 0.5975609756097561
                },
                "windows_common": {
                    "icon": 0.14893617021276595,
                    "text": 0.6176470588235294,
                    "avg": 0.345679012345679
                },
                "vmware": {
                    "icon": 0.1111111111111111,
                    "text": 0.75,
                    "avg": 0.6097560975609756
                },
                "origin": {
                    "icon": 0.16279069767441862,
                    "text": 0.3684210526315789,
                    "avg": 0.22580645161290322
                },
                "quartus": {
                    "icon": 0.0625,
                    "text": 0.6153846153846154,
                    "avg": 0.2222222222222222
                },
                "stata": {
                    "icon": 0.17073170731707318,
                    "text": 0.375,
                    "avg": 0.20408163265306123
                },
                "excel": {
                    "icon": 0.23076923076923078,
                    "text": 0.39215686274509803,
                    "avg": 0.359375
                },
                "premiere": {
                    "icon": 0.041666666666666664,
                    "text": 0.42857142857142855,
                    "avg": 0.25
                },
                "autocad": {
                    "icon": 0.0,
                    "text": 0.2962962962962963,
                    "avg": 0.23529411764705882
                },
                "pycharm": {
                    "icon": 0.13157894736842105,
                    "text": 0.625,
                    "avg": 0.38461538461538464
                },
                "matlab": {
                    "icon": 0.10526315789473684,
                    "text": 0.4594594594594595,
                    "avg": 0.3870967741935484
                },
                "macos_common": {
                    "icon": 0.13043478260869565,
                    "text": 0.5476190476190477,
                    "avg": 0.4
                },
                "illustrator": {
                    "icon": 0.0,
                    "text": 0.75,
                    "avg": 0.2903225806451613
                },
                "linux_common": {
                    "icon": 0.2631578947368421,
                    "text": 0.4838709677419355,
                    "avg": 0.4
                },
                "vscode": {
                    "icon": 0.18181818181818182,
                    "text": 0.45454545454545453,
                    "avg": 0.34545454545454546
                },
                "inventor": {
                    "icon": 0.0,
                    "text": 0.423728813559322,
                    "avg": 0.35714285714285715
                },
                "solidworks": {
                    "icon": 0.08333333333333333,
                    "text": 0.35384615384615387,
                    "avg": 0.3116883116883117
                },
                "android_studio": {
                    "icon": 0.22727272727272727,
                    "text": 0.5,
                    "avg": 0.35
                },
                "photoshop": {
                    "icon": 0.2,
                    "text": 0.6538461538461539,
                    "avg": 0.43137254901960786
                },
                "unreal_engine": {
                    "icon": 0.16666666666666666,
                    "text": 0.7586206896551724,
                    "avg": 0.6571428571428571
                },
                "word": {
                    "icon": 0.2,
                    "text": 0.8840579710144928,
                    "avg": 0.7619047619047619
                },
                "fruitloops": {
                    "icon": 0.0967741935483871,
                    "text": 0.46153846153846156,
                    "avg": 0.2631578947368421
                },
                "davinci": {
                    "icon": 0.13043478260869565,
                    "text": 0.8095238095238095,
                    "avg": 0.45454545454545453
                },
                "blender": {
                    "icon": 0.13333333333333333,
                    "text": 0.4642857142857143,
                    "avg": 0.39436619718309857
                },
                "eviews": {
                    "icon": 0.7142857142857143,
                    "text": 0.7209302325581395,
                    "avg": 0.72
                }
            },
            "overall": {
                "icon": 0.1511627906976744,
                "text": 0.5546475995914198,
                "avg": 0.4010120177103099
            }
        }
    },
    "IterFocus-OSAtlas-7B": {
        "link": "",
        "description": "",
        "results": {
            "group": {
                "Dev": {
                    "icon": 0.12413793103448276,
                    "text": 0.5909090909090909,
                    "avg": 0.36454849498327757
                },
                "Creative": {
                    "icon": 0.11188811188811189,
                    "text": 0.51010101010101,
                    "avg": 0.34310850439882695
                },
                "CAD": {
                    "icon": 0.0967741935483871,
                    "text": 0.31155778894472363,
                    "avg": 0.26053639846743293
                },
                "Science": {
                    "icon": 0.15454545454545454,
                    "text": 0.5694444444444444,
                    "avg": 0.38976377952755903
                },
                "Office": {
                    "icon": 0.2830188679245283,
                    "text": 0.655367231638418,
                    "avg": 0.5695652173913044
                },
                "OS": {
                    "icon": 0.1797752808988764,
                    "text": 0.5981308411214953,
                    "avg": 0.40816326530612246
                }
            },
            "application": {
                "photoshop": {
                    "icon": 0.12,
                    "text": 0.6153846153846154,
                    "avg": 0.37254901960784315
                },
                "vivado": {
                    "icon": 0.15625,
                    "text": 0.6458333333333334,
                    "avg": 0.45
                },
                "vscode": {
                    "icon": 0.22727272727272727,
                    "text": 0.5151515151515151,